Image_Index,Saliency,HD,PF,WR,RO,RI,FV,SR
Image_0,219669,0,0,0,0,3994,3625,79912
Image_1,80621,0,0,0,0,136893,12886,0
Image_2,89481,0,0,0,0,212430,5289,0
Image_3,71235,0,0,0,0,228942,7023,0
Image_4,117425,0,0,0,0,188447,1328,0
Image_5,122919,15740,0,0,0,379741,0,0
Image_6,0,0,0,0,0,164980,39572,102648
Image_7,51470,0,0,0,0,194697,61033,0
Image_8,52172,0,0,0,0,252907,2121,0
Image_9,282844,0,0,0,0,0,24356,0
Image_10,53311,0,0,0,0,176157,77732,0
Image_11,150001,0,0,0,0,0,24100,133099
Image_12,151810,3124,0,0,0,0,8824,143442
Image_13,169106,41516,0,0,0,0,4468,92110
Image_14,91984,1360,0,128998,0,63589,0,21269
Image_15,216803,0,0,0,0,71498,18899,0
Image_16,0,0,0,0,0,154955,12828,139417
Image_17,29702,0,0,0,0,266288,11210,0
Image_18,64191,30250,0,0,0,35698,0,177061
Image_19,0,0,0,0,0,195463,86457,25280
Image_20,14301,0,0,0,0,279549,13350,0
Image_21,113421,0,0,0,0,148688,3192,41899
Image_22,115326,0,0,191874,0,0,0,0
Image_23,393601,0,0,0,0,0,52299,0
Image_24,106931,13995,0,118128,0,42195,0,25951
Image_25,113194,9804,0,184202,0,0,0,0
Image_26,98702,22367,0,186131,0,0,0,0
Image_27,133345,14903,0,0,0,158952,0,0
Image_28,0,0,0,0,0,0,16437,290763
Image_29,296988,0,0,0,0,0,10212,0
Image_30,25313,0,32544,0,0,189911,0,59432
Image_31,58978,20264,0,227958,0,0,0,0
Image_32,134678,0,0,0,0,0,75455,97067
Image_33,197899,0,4804,0,0,6473,3816,94208
Image_34,304416,0,0,0,0,2784,0,0
Image_35,134458,0,0,0,0,59088,53376,60278
Image_36,235626,0,188063,0,56889,1577902,0,0
Image_37,0,0,0,291002,0,0,16198,0
Image_38,75163,14447,0,0,0,80246,137344,0
Image_39,61488,0,0,0,0,233599,12113,0
Image_40,47544,6848,45062,89907,0,0,0,117839
Image_41,0,0,0,0,0,166102,13848,127250
Image_42,178953,0,44100,0,0,246362,1616,47369
Image_43,146594,40322,0,0,0,0,0,120284
Image_44,209739,0,0,0,0,35577,61884,0
Image_45,102537,1443,0,102022,0,0,0,101198
Image_46,118612,4420,0,0,0,184168,0,0
Image_47,0,0,0,0,0,212299,41623,53278
Image_48,3,0,0,0,0,0,144088,163109
Image_49,107875,14236,0,185089,0,0,0,0
Image_50,2577,0,0,0,0,128517,33934,142172
Image_51,77031,0,7999,0,0,208752,13418,0
Image_52,40203,0,85356,0,0,156636,25005,0
Image_53,471411,31795,0,0,15194,0,0,0
Image_54,0,0,0,0,0,89320,3238,214642
Image_55,196222,0,0,0,0,74728,36250,0
Image_56,0,0,0,0,0,272115,35085,0
Image_57,46186,0,0,0,0,261014,0,0
Image_58,62953,0,0,0,0,243235,1012,0
Image_59,93450,21181,0,0,0,75156,0,117413
Image_60,0,30788,0,150693,0,0,0,125719
Image_61,76110,0,0,0,0,193877,37213,0
Image_62,135899,0,146444,0,0,0,24857,0
Image_63,87994,0,0,0,0,219206,0,0
Image_64,141010,7071,0,108895,0,0,0,50224
Image_65,186273,0,0,0,0,80587,40340,0
Image_66,5423,0,0,0,0,279185,22592,0
Image_67,117273,0,0,0,0,151626,38301,0
Image_68,128900,0,0,159643,0,0,18657,0
Image_69,443591,36409,0,0,0,0,0,0
Image_70,80862,0,0,19456,15762,0,0,191120
Image_71,134774,0,0,0,0,125606,5243,41577
Image_72,119908,0,0,0,0,151739,11148,24405
Image_73,0,0,0,0,0,297514,0,9686
Image_74,260811,0,0,0,0,252040,5549,0
Image_75,137454,0,0,0,0,0,0,784146
Image_76,294659,12541,0,0,0,0,0,0
Image_77,111531,0,0,0,0,305351,25134,76384
Image_78,178808,0,0,0,0,125022,3370,0
Image_79,116258,1552,0,0,0,132035,0,57355
Image_80,326458,0,504756,0,25669,1201597,0,0
Image_81,166527,0,0,0,0,2810,7875,129988
Image_82,120338,0,0,0,0,3604,2550,127208
Image_83,73973,4768,0,0,0,151659,0,0
Image_84,0,15653,0,149678,0,0,0,141869
Image_85,0,0,0,0,0,242857,38966,25377
Image_86,154608,0,0,0,0,352515,11277,0
Image_87,101694,0,0,0,0,120908,84598,0
Image_88,0,0,0,0,0,392368,126032,0
Image_89,280676,27520,0,0,0,0,288223,632381
Image_90,174845,0,0,0,0,115273,0,17082
Image_91,54734,0,0,0,0,237062,15404,0
Image_92,222536,0,723,0,0,3820,26621,0
Image_93,45086,39795,0,222319,0,0,0,0
Image_94,126901,0,0,0,0,166155,5456,8688
Image_95,200253,0,0,0,0,91682,15265,0
Image_96,66029,12829,0,121748,0,0,4355,102239
Image_97,171970,0,0,0,0,129524,5706,0
Image_98,0,0,0,0,0,127996,0,179204
Image_99,97990,0,0,0,0,126468,1253,81489
Image_100,0,0,112190,0,0,0,53250,141760
Image_101,114380,902,0,126596,0,41004,0,24318
Image_102,151720,0,0,0,0,120123,35357,0
Image_103,43867,0,0,0,0,32342,10252,220739
Image_104,352451,15321,0,553828,0,0,0,0
Image_105,250385,0,0,0,0,34643,22172,0
Image_106,67549,0,0,0,0,200264,572,38815
Image_107,102734,18871,0,0,15413,39891,0,38131
Image_108,255173,0,0,0,0,0,52027,0
Image_109,317023,36462,0,0,0,0,45465,522650
Image_110,0,0,0,0,0,228011,79189,0
Image_111,54046,0,0,0,0,247986,5168,0
Image_112,123984,0,0,0,0,285105,7859,101452
Image_113,0,0,0,0,0,301220,5980,0
Image_114,0,0,69240,0,0,13165,54591,170204
Image_115,921600,0,0,0,0,0,0,0
Image_116,296068,0,0,0,0,0,11132,0
Image_117,99208,0,0,156014,0,0,0,51978
Image_118,64478,0,0,0,0,237664,5058,0
Image_119,39864,0,0,0,0,266404,932,0
Image_120,148377,14175,0,144648,0,0,0,0
Image_121,50693,0,46964,0,0,193754,15789,0
Image_122,73903,0,34059,0,0,139303,59935,0
Image_123,110037,0,0,0,0,397352,11011,0
Image_124,158110,3500,0,0,0,0,547,145043
Image_125,587241,143896,0,0,0,190463,0,0
Image_126,379572,128348,0,0,10480,0,0,0
Image_127,306179,0,0,0,0,1021,0,0
Image_128,0,0,11741,0,0,87092,23706,184661
Image_129,186298,14253,0,106649,0,0,0,0
Image_130,85187,0,0,0,0,88270,133743,0
Image_131,0,0,0,0,0,285060,22140,0
Image_132,199990,194327,0,0,0,0,372176,155107
Image_133,2574,0,0,0,0,271331,33295,0
Image_134,16902,0,0,0,0,266064,85065,150369
Image_135,133434,7186,0,33824,0,0,0,132756
Image_136,107788,5540,0,153148,0,0,0,40724
Image_137,111333,0,0,0,0,131267,48436,16164
Image_138,134552,0,0,0,0,1946,117202,0
Image_139,105856,0,0,0,0,192210,9134,0
Image_140,246731,6866,0,0,0,0,53603,0
Image_141,144545,4619,0,110913,0,0,0,47123
Image_142,102972,8411,0,130064,0,0,0,65753
Image_143,96869,0,0,0,0,210331,0,0
Image_144,73840,104171,0,0,0,0,0,129189
Image_145,28845,1608,0,276747,0,0,0,0
Image_146,142808,0,0,0,0,0,25387,139005
Image_147,2620,0,0,0,0,201787,36968,65825
Image_148,222355,0,191,0,0,2927,12713,15514
Image_149,114962,0,0,0,0,187340,4898,0
Image_150,147477,8284,0,83736,0,0,0,67703
Image_151,92461,0,0,0,58550,1907469,0,0
Image_152,272458,0,0,0,0,0,34742,0
Image_153,70776,0,0,0,0,236424,0,0
Image_154,28797,0,0,0,0,1107,0,223796
Image_155,139872,0,0,0,0,160407,6921,0
Image_156,111170,9392,0,35210,0,47743,0,103685
Image_157,0,0,123430,0,0,148202,35568,0
Image_158,119599,65639,0,0,0,121962,0,0
Image_159,0,0,47916,0,0,179592,79692,0
Image_160,68354,0,0,0,0,223914,14932,0
Image_161,0,0,0,0,0,206195,0,101005
Image_162,155191,0,0,0,0,144268,7741,0
Image_163,196192,0,0,0,0,0,111008,0
Image_164,71838,0,0,0,0,207177,28185,0
Image_165,74348,0,61613,0,0,151311,19928,0
Image_166,3201,0,108900,0,0,0,79694,115405
Image_167,211025,85233,0,625342,0,0,0,0
Image_168,190421,0,0,0,0,39082,50227,27470
Image_169,55242,0,0,0,0,211232,20297,20429
Image_170,129551,0,0,126643,51006,0,0,0
Image_171,0,0,0,0,0,166636,92493,48071
Image_172,81458,0,0,0,0,205171,20571,0
Image_173,76099,0,48460,0,0,181324,1317,0
Image_174,65169,0,0,0,0,209825,32206,0
Image_175,88132,0,52957,78598,0,0,0,87513
Image_176,180262,0,51403,0,0,59197,16338,0
Image_177,172885,0,0,0,0,96978,5134,32203
Image_178,251799,0,0,0,0,1304,597,0
Image_179,49133,0,0,0,0,202860,0,55207
Image_180,1852,0,8565,0,0,140128,0,156655
Image_181,0,0,0,0,0,0,87430,219770
Image_182,65509,0,0,0,0,172151,69540,0
Image_183,101766,6151,0,28304,0,0,0,170979
Image_184,69109,0,0,0,0,158272,520,79299
Image_185,304894,0,0,0,0,2295,11,0
Image_186,84550,0,0,0,0,211108,11542,0
Image_187,32130,0,0,132691,0,0,18867,123512
Image_188,72335,13043,0,221822,0,0,0,0
Image_189,33683,139341,0,0,0,103560,30616,0
Image_190,100543,0,0,165251,0,0,0,41406
Image_191,0,0,0,0,0,144158,13327,149715
Image_192,99982,0,0,0,0,187103,20115,0
Image_193,153123,3426,0,0,0,0,11370,139281
Image_194,56857,0,0,0,0,226200,35406,199937
Image_195,0,0,0,0,0,264767,6139,36294
Image_196,0,0,0,0,0,259314,47886,0
Image_197,67240,0,0,0,0,101945,138015,0
Image_198,130922,0,66530,0,0,49424,60324,0
Image_199,223456,0,0,0,0,0,24936,5308
Image_200,0,0,0,0,0,0,17611,289589
Image_201,650,0,0,0,0,113681,21657,171212
Image_202,398,0,0,0,0,198789,18847,89166
Image_203,165106,0,0,0,0,138604,3490,0
Image_204,0,0,0,0,0,0,10599,296601
Image_205,61379,0,0,0,0,37537,0,208284
Image_206,0,0,0,0,0,197024,55189,266187
Image_207,81772,0,5353,0,0,126134,93941,0
Image_208,136544,0,0,56578,0,114078,0,0
Image_209,44862,2967,0,0,0,182571,0,0
Image_210,162054,0,0,0,0,80042,65104,0
Image_211,63156,23782,0,220262,0,0,0,0
Image_212,102229,0,96173,76520,0,0,0,32278
Image_213,53449,3060,0,0,0,173891,0,0
Image_214,414927,0,0,0,0,0,30973,0
Image_215,21645,0,25222,189089,0,0,0,71244
Image_216,263220,0,0,0,0,0,43980,0
Image_217,63689,0,0,0,0,241901,1610,0
Image_218,0,0,0,0,0,293250,13950,0
Image_219,110291,0,0,0,0,121655,75254,0
Image_220,112507,0,0,94476,0,0,0,100217
Image_221,38529,0,0,0,0,268671,0,0
Image_222,921600,0,0,0,0,0,0,0
Image_223,83993,21278,0,0,0,201929,0,0
Image_224,82028,0,25682,0,0,192040,7450,0
Image_225,80987,0,0,0,0,0,115334,110879
Image_226,112570,15820,0,0,0,178810,0,0
Image_227,58621,15037,0,186481,0,0,0,47061
Image_228,97521,0,0,0,0,209679,0,0
Image_229,81734,0,46547,0,0,176774,2145,0
Image_230,159881,0,0,0,0,84432,62887,0
Image_231,764416,0,0,0,65024,0,0,0
Image_232,132068,0,0,38513,0,136619,0,0
Image_233,0,0,16963,0,0,100566,15648,174023
Image_234,0,0,0,0,0,296465,10735,0
Image_235,175703,98019,0,0,3327,0,0,241351
Image_236,249175,13981,0,44044,0,0,0,0
Image_237,731609,120618,0,0,46972,0,22401,0
Image_238,106412,0,0,0,0,173219,27569,0
Image_239,0,0,0,0,0,153194,53366,100640
Image_240,44733,0,0,0,0,109938,69271,83258
Image_241,419369,60631,0,0,0,0,0,0
Image_242,153067,0,0,0,0,0,23799,130334
Image_243,87849,0,0,0,0,216607,2744,0
Image_244,19012,0,0,0,0,148346,57041,82801
Image_245,250305,15327,0,0,0,0,41568,0
Image_246,0,47641,0,57902,0,0,0,201657
Image_247,921600,0,0,0,0,0,0,0
Image_248,88964,0,0,0,0,36773,120132,61331
Image_249,108285,13251,0,0,0,51520,0,0
Image_250,0,37913,8561,0,0,121753,0,138973
Image_251,51179,0,0,100827,0,67853,1773,85568
Image_252,65232,0,45621,0,0,180250,16097,0
Image_253,0,0,0,0,0,137209,68365,101626
Image_254,95467,11051,0,0,0,160064,8031,32587
Image_255,109898,0,0,0,0,197302,0,0
Image_256,79054,0,20597,177474,0,0,0,30075
Image_257,152708,0,0,0,0,110285,44207,0
Image_258,477233,35172,0,0,5995,0,0,0
Image_259,0,0,0,0,0,271029,36171,0
Image_260,77216,0,0,0,0,228568,1416,0
Image_261,0,0,22175,0,0,134869,37757,112399
Image_262,117439,3153,0,0,0,0,37381,149227
Image_263,61826,0,4866,0,0,32742,132028,75738
Image_264,1,0,0,0,0,226719,80480,0
Image_265,565,0,21669,0,0,178790,106176,0
Image_266,60480,0,0,0,0,209747,36973,0
Image_267,251470,6598,0,0,0,11672,37460,0
Image_268,214092,0,0,0,0,0,93108,0
Image_269,131709,0,0,0,0,121012,54479,0
Image_270,31101,0,34337,0,0,84742,2964,154056
Image_271,207951,0,0,0,0,60454,38795,0
Image_272,109881,0,0,137891,0,0,0,59428
Image_273,0,0,0,0,0,87964,0,219236
Image_274,0,0,0,0,0,284988,22212,0
Image_275,94496,0,118229,0,0,92854,1621,0
Image_276,0,0,138148,0,0,0,55044,114008
Image_277,0,0,0,0,0,81525,6346,219329
Image_278,62226,17524,0,142853,0,0,0,84597
Image_279,49505,0,0,0,0,245840,11855,0
Image_280,101412,15032,0,49462,0,0,2375,138919
Image_281,0,0,0,0,0,244790,23973,38437
Image_282,0,0,89558,0,0,137897,0,79745
Image_283,95180,0,0,39037,0,0,0,172983
Image_284,148960,0,0,0,0,150597,7643,0
Image_285,0,0,0,0,0,105003,9325,192872
Image_286,193424,0,0,29171,0,0,84605,0
Image_287,85519,0,0,0,0,221681,0,0
Image_288,0,0,208179,0,0,57004,42017,0
Image_289,0,0,0,0,0,216760,35939,54501
Image_290,134386,17999,17104,0,0,137711,0,0
Image_291,64721,0,0,0,0,109332,133147,0
Image_292,93182,0,140122,0,0,72206,1690,0
Image_293,249445,7486,0,0,0,0,50269,0
Image_294,145081,4618,0,0,0,0,9450,148051
Image_295,92123,32376,0,182701,0,0,0,0
Image_296,294067,0,0,0,0,0,13133,0
Image_297,114125,0,0,0,0,172905,20170,0
Image_298,76962,0,0,179977,0,0,0,50261
Image_299,251547,0,0,0,0,1365,788,0
Image_300,212739,0,0,0,0,0,94461,0
Image_301,0,0,0,0,0,284670,22482,48
Image_302,301430,0,0,0,0,4147,1623,0
Image_303,303675,0,0,0,0,2032,1493,0
Image_304,30419,35682,0,0,1697,450602,0,0
Image_305,95809,0,0,0,0,211391,0,0
Image_306,186920,0,0,120280,0,0,0,0
Image_307,201139,4865,0,100143,0,0,1053,0
Image_308,0,0,62712,0,0,40595,16435,187458
Image_309,3,0,0,0,0,270687,36510,0
Image_310,170513,115255,0,0,0,0,0,232632
Image_311,80365,0,0,0,0,226331,504,0
Image_312,123833,0,0,101706,0,17348,0,64313
Image_313,54225,0,0,0,0,212930,40045,0
Image_314,146132,0,0,0,0,91870,69198,0
Image_315,74157,0,0,0,0,442306,1937,0
Image_316,0,0,0,0,0,261681,45519,0
Image_317,108754,0,0,0,0,198446,0,0
Image_318,153965,1368,0,82110,0,69757,0,0
Image_319,425457,54543,0,0,0,0,0,0
Image_320,0,0,0,0,0,217268,46356,43576
Image_321,57543,0,0,0,0,244863,4794,0
Image_322,90177,17639,0,122508,0,0,0,76876
Image_323,20772,0,244822,0,0,5481,36125,0
Image_324,37726,0,0,0,0,255820,13654,0
Image_325,89110,0,0,0,0,218090,0,0
Image_326,35503,0,0,0,0,194897,0,0
Image_327,182296,0,0,0,0,121346,3558,0
Image_328,86919,0,0,12535,0,0,9767,197979
Image_329,135580,0,0,82314,0,57501,0,31805
Image_330,198803,18154,0,90243,0,0,0,0
Image_331,90701,0,0,0,0,208627,7872,0
Image_332,102266,10279,0,194655,0,0,0,0
Image_333,69572,0,0,0,0,0,50420,187208
Image_334,136892,0,0,0,0,108242,51371,10695
Image_335,146869,1154,0,84535,0,0,0,74642
Image_336,0,0,0,0,0,191323,98530,17347
Image_337,42712,0,21398,0,0,169518,40510,33062
Image_338,137169,5412,0,137513,0,26622,0,484
Image_339,18557,0,0,0,0,287254,1389,0
Image_340,0,0,0,0,0,89073,41456,176671
Image_341,167952,0,0,139248,0,0,0,0
Image_342,67136,45264,0,0,0,194800,0,0
Image_343,257334,10063,0,0,37696,1753387,0,0
Image_344,0,0,0,0,0,300017,7183,0
Image_345,184299,26300,0,0,0,96601,0,0
Image_346,2446,14288,0,229088,0,0,0,61378
Image_347,60555,0,0,0,0,714,42110,342521
Image_348,0,0,0,0,0,0,11786,295414
Image_349,101343,0,0,0,0,200250,5607,0
Image_350,218719,35507,0,0,54210,0,0,209964
Image_351,192792,0,0,0,0,0,114408,0
Image_352,56240,0,19603,231357,0,0,0,0
Image_353,52607,0,10921,0,0,240856,2816,0
Image_354,54655,0,1395,251150,0,0,0,0
Image_355,115232,0,0,0,0,177331,14637,0
Image_356,383462,16311,0,0,13199,0,0,105428
Image_357,512374,89615,0,319611,0,0,0,0
Image_358,0,0,0,0,0,0,52080,255120
Image_359,77950,1496,0,0,0,67919,131597,28238
Image_360,176800,0,0,0,0,337062,4538,0
Image_361,191894,0,0,0,0,326506,0,0
Image_362,193741,19284,0,94175,0,0,0,0
Image_363,101273,48069,0,156512,0,0,1346,0
Image_364,107133,0,0,190952,0,9115,0,0
Image_365,31758,0,0,0,0,220516,32538,22388
Image_366,129665,0,0,0,0,155998,21537,0
Image_367,36032,0,0,0,0,62141,84949,124078
Image_368,163254,0,2750,0,0,125240,15956,0
Image_369,63268,23570,0,0,0,220362,0,0
Image_370,478,0,0,0,0,104011,94440,108271
Image_371,70572,9074,0,227554,0,0,0,0
Image_372,80654,0,0,0,0,216570,9976,0
Image_373,2131,0,0,0,0,135258,72342,97469
Image_374,467265,29784,0,0,21351,0,0,0
Image_375,67125,0,0,0,0,237040,3035,0
Image_376,138730,6515,0,161955,0,0,0,0
Image_377,0,0,0,0,0,126917,6923,173360
Image_378,0,4731,0,32015,0,0,0,270454
Image_379,123762,21953,0,161485,0,0,0,0
Image_380,0,0,0,85734,0,157123,0,64343
Image_381,195058,0,0,0,0,59996,34435,17711
Image_382,148070,0,0,0,0,157441,1689,0
Image_383,0,0,0,0,0,249531,2819,54850
Image_384,104527,0,0,0,0,131031,52597,19045
Image_385,25799,0,0,0,0,272258,9143,0
Image_386,666,0,0,0,0,290395,16139,0
Image_387,0,0,13526,0,0,160794,94045,38835
Image_388,0,0,0,0,0,141070,65169,100961
Image_389,190427,209039,0,0,0,0,298439,223695
Image_390,0,23188,0,0,450,283562,0,0
Image_391,921600,0,0,0,0,0,0,0
Image_392,58325,0,14505,0,0,229639,4731,0
Image_393,0,53455,14701,0,0,0,0,239044
Image_394,0,0,0,0,0,253764,53436,0
Image_395,0,0,0,0,0,26922,87771,403707
Image_396,112778,0,12331,0,0,182091,0,0
Image_397,96101,27301,0,0,0,182865,933,0
Image_398,98868,13741,0,184362,0,0,0,10229
Image_399,62042,0,0,245158,0,0,0,0
Image_400,85442,19354,0,0,0,202404,0,0
Image_401,54301,14756,0,0,5435,232708,0,0
Image_402,29775,0,0,0,0,267926,9499,0
Image_403,23610,0,0,0,0,283590,0,0
Image_404,0,0,0,0,0,281125,26075,0
Image_405,69515,0,0,0,0,224685,13000,0
Image_406,57120,0,18643,0,0,137210,39124,55103
Image_407,4345,0,4877,0,0,57948,103535,136495
Image_408,172319,0,0,0,0,24669,101012,9200
Image_409,36623,0,0,0,0,221523,49054,0
Image_410,0,0,0,0,0,239514,5754,61932
Image_411,22810,0,0,251669,0,0,0,32721
Image_412,401150,88237,0,0,10216,0,235064,186933
Image_413,106390,42196,0,104077,0,0,0,54537
Image_414,87170,0,31078,0,0,186745,2207,0
Image_415,79913,0,0,0,0,223134,4153,0
Image_416,64513,0,55005,0,0,185010,2672,0
Image_417,211371,0,0,42329,0,0,0,0
Image_418,698797,100005,0,0,0,0,110019,12779
Image_419,52904,0,0,0,0,254296,0,0
Image_420,114923,25864,166413,0,0,0,0,0
Image_421,88721,0,0,0,0,211129,7350,0
Image_422,135247,0,0,0,0,157824,14129,0
Image_423,0,0,0,0,0,207369,13743,86088
Image_424,177140,0,0,0,0,130060,0,0
Image_425,157415,0,0,0,0,25792,123993,0
Image_426,20951,0,0,0,0,224461,61788,0
Image_427,509070,0,0,0,9330,0,0,0
Image_428,143702,0,0,0,0,161685,1813,0
Image_429,158302,81053,0,0,14386,0,0,264659
Image_430,1280,0,0,0,0,253264,52656,0
Image_431,209884,0,0,0,0,0,43816,0
Image_432,144964,2852,0,93418,0,0,0,65966
Image_433,184604,0,0,79870,0,0,42726,0
Image_434,235,0,275897,0,0,216763,21355,4150
Image_435,112952,0,0,0,0,192860,1388,0
Image_436,169127,0,42677,0,0,95396,0,0
Image_437,284471,0,0,0,0,22729,0,0
Image_438,0,0,0,0,0,161220,145980,0
Image_439,77416,6765,0,223019,0,0,0,0
Image_440,245408,5305,0,0,0,0,6993,49494
Image_441,119815,6763,3545,0,0,73325,46123,57629
Image_442,206030,0,9376,0,0,69787,9606,12401
Image_443,0,0,0,0,0,268197,39003,0
Image_444,21481,0,0,0,0,281226,4493,0
Image_445,57280,6745,0,243175,0,0,0,0
Image_446,0,0,0,0,0,292264,14936,0
Image_447,281554,15412,0,0,0,0,10234,0
Image_448,52323,0,0,0,0,172117,50551,32209
Image_449,118684,0,0,0,0,367922,31794,0
Image_450,139021,0,0,163651,0,0,4528,0
Image_451,19400,0,0,0,0,142035,145765,0
Image_452,111738,7479,0,187983,0,0,0,0
Image_453,240331,93876,0,587393,0,0,0,0
Image_454,67956,0,0,0,0,58965,180279,0
Image_455,1647,0,0,0,0,116616,10330,178607
Image_456,289840,0,0,0,0,0,17360,0
Image_457,52743,0,6706,0,0,233223,14528,0
Image_458,0,0,0,0,0,193471,0,113729
Image_459,106951,0,0,95698,0,0,0,51051
Image_460,90268,0,0,0,0,216932,0,0
Image_461,640,0,0,0,0,271043,35517,0
Image_462,32483,0,0,0,0,91800,182917,0
Image_463,94387,0,0,73332,0,34013,391,105077
Image_464,106998,0,29631,0,0,133015,37556,0
Image_465,200654,58501,0,48045,0,0,0,0
Image_466,123253,0,0,0,0,94176,24483,65288
Image_467,93485,0,0,0,0,212799,916,0
Image_468,0,0,234767,0,0,10308,29442,32683
Image_469,208907,0,17558,0,0,31484,3687,45564
Image_470,0,0,0,0,0,267260,39940,0
Image_471,5,0,0,0,0,88185,45982,173028
Image_472,98011,0,0,0,0,142207,66982,0
Image_473,143502,0,0,0,0,162553,1145,0
Image_474,0,0,0,0,0,261119,46081,0
Image_475,0,0,15994,149883,0,10285,0,131038
Image_476,455487,24513,0,0,0,0,0,0
Image_477,0,0,0,0,0,0,99204,207996
Image_478,123766,14252,0,0,0,380382,0,0
Image_479,489832,33746,0,0,151589,1383313,0,0
Image_480,829440,0,0,0,0,0,0,0
Image_481,96356,0,0,0,0,276143,9604,136297
Image_482,0,0,0,0,0,270548,26968,9684
Image_483,0,0,0,0,0,178716,46236,82248
Image_484,127117,0,0,0,0,179254,829,0
Image_485,0,0,0,0,0,93167,78747,135286
Image_486,153701,0,0,0,0,2588,1883,149028
Image_487,28539,0,0,253095,0,0,25566,0
Image_488,5133,0,1053,153496,0,7347,0,140171
Image_489,128973,0,0,0,0,131111,5896,41220
Image_490,472457,0,0,0,116349,1469674,0,0
Image_491,0,0,0,0,0,184253,14799,108148
Image_492,19041,0,0,0,0,214003,74156,0
Image_493,102338,0,0,0,0,185084,19778,0
Image_494,52082,27266,0,217960,0,0,9892,0
Image_495,84437,0,0,0,0,222763,0,0
Image_496,94235,3247,0,83281,0,126437,0,0
Image_497,0,0,0,0,0,0,31692,275508
Image_498,146022,4646,0,0,0,0,10666,145866
Image_499,48115,0,0,0,0,217101,41984,0
Image_500,0,0,0,8983,0,207991,90226,0
Image_501,72043,0,0,0,0,229149,6008,0
Image_502,109335,10337,0,0,0,29139,0,24245
Image_503,49008,0,0,0,0,251418,6774,0
Image_504,82801,0,32796,0,0,189731,1872,0
Image_505,0,0,30941,0,0,208818,50053,17388
Image_506,269189,5204,0,0,0,0,32807,0
Image_507,0,0,0,0,0,68523,92830,145847
Image_508,0,0,0,0,0,278308,28892,0
Image_509,73857,0,0,0,0,159196,563,73584
Image_510,13716,0,0,0,0,291587,1897,0
Image_511,13393,0,13001,0,0,79882,154116,46808
Image_512,51000,0,0,0,0,252386,3814,0
Image_513,0,0,0,0,0,178216,128984,0
Image_514,0,0,9606,0,0,264229,33365,0
Image_515,76096,79251,121383,0,0,14490,0,15980
Image_516,190427,0,0,0,0,70123,46650,0
Image_517,0,0,0,190326,0,0,1582,115292
Image_518,111101,0,0,196099,0,0,0,0
Image_519,0,0,0,0,0,98048,10417,409935
Image_520,88173,73345,0,0,14989,38533,0,0
Image_521,198186,0,0,76074,0,0,32940,0
Image_522,86383,39407,0,0,0,0,0,89250
Image_523,901315,0,0,0,20285,0,0,0
Image_524,44262,0,2778,0,0,207340,29245,23575
Image_525,69917,0,7434,0,0,223959,5890,0
Image_526,177305,0,0,0,0,99090,30805,0
Image_527,108195,0,170266,0,0,239939,0,0
Image_528,126673,0,0,180527,0,0,0,0
Image_529,170456,5175,0,0,0,131275,294,0
Image_530,38036,0,61421,0,0,195817,6937,4989
Image_531,127660,0,0,0,0,167441,12099,0
Image_532,146702,0,0,0,0,160498,0,0
Image_533,121297,0,0,0,0,184147,1756,0
Image_534,0,0,0,0,0,266377,40823,0
Image_535,132800,0,0,0,0,0,28397,146003
Image_536,185466,5982,0,115752,0,0,0,0
Image_537,0,0,0,0,0,142208,83424,81568
Image_538,120400,6294,0,0,0,180506,0,0
Image_539,152821,2714,0,151665,0,0,0,0
Image_540,132475,0,0,0,0,78892,95833,0
Image_541,357037,130966,0,0,30397,0,0,0
Image_542,182741,0,6425,118034,0,0,0,0
Image_543,34883,0,0,0,0,75173,197144,0
Image_544,35475,0,0,0,0,271725,0,0
Image_545,0,0,0,0,0,84990,207803,14407
Image_546,127799,0,150515,0,0,10212,18674,0
Image_547,113304,0,31965,0,0,161166,765,0
Image_548,116962,0,0,0,0,0,5252,131486
Image_549,74042,0,0,0,0,220118,13040,0
Image_550,174211,2837,0,130152,0,0,0,0
Image_551,106371,4613,0,0,0,196216,0,0
Image_552,13,0,0,0,0,99215,37517,170455
Image_553,77985,0,0,0,0,210336,18879,0
Image_554,131925,0,0,0,0,172286,2989,0
Image_555,164587,0,0,0,0,0,9876,271437
Image_556,287506,165294,0,0,65600,0,0,0
Image_557,259147,0,0,0,0,0,48053,0
Image_558,237538,0,3130,0,0,2966,0,10066
Image_559,257118,0,0,0,0,0,50082,0
Image_560,220613,0,0,0,0,0,86587,0
Image_561,0,0,0,0,0,130034,10095,167071
Image_562,2156,0,0,0,0,262830,5017,248397
Image_563,137052,141646,0,0,0,0,0,642902
Image_564,108881,2053,0,196266,0,0,0,0
Image_565,0,50633,0,0,0,6430,0,250137
Image_566,60157,0,0,0,0,237417,9626,0
Image_567,1,0,0,0,0,180057,17897,109245
Image_568,89217,0,11037,0,0,202453,4493,0
Image_569,60007,0,0,0,0,244710,2483,0
Image_570,0,0,0,86401,0,0,0,220799
Image_571,148810,0,20758,0,0,106014,31618,0
Image_572,0,0,0,0,0,241556,65644,0
Image_573,166,0,0,0,0,68431,0,238603
Image_574,215989,7928,0,133189,220,0,267,160807
Image_575,658,0,0,0,0,297008,9534,0
Image_576,118176,87621,0,0,0,95940,0,5463
Image_577,3355,0,0,0,0,272795,31050,0
Image_578,43274,0,0,0,0,74157,189769,0
Image_579,233194,0,0,0,0,0,74006,0
Image_580,322815,33353,0,0,0,0,105799,459633
Image_581,35468,0,0,0,0,259161,12571,0
Image_582,157208,0,0,0,0,0,82808,67184
Image_583,0,0,0,0,0,129885,25969,151346
Image_584,35260,0,0,0,0,269021,2919,0
Image_585,131523,0,0,0,0,2777,0,119400
Image_586,640,0,0,0,0,243550,63010,0
Image_587,0,0,0,0,0,266992,40208,0
Image_588,0,0,66984,0,0,158865,13928,67423
Image_589,102566,0,0,0,0,196950,7684,0
Image_590,266622,0,0,0,0,0,40578,0
Image_591,134918,0,0,0,0,150685,21597,0
Image_592,439997,0,291013,0,24747,1302723,0,0
Image_593,336,0,0,0,0,292214,14650,0
Image_594,50408,0,4394,0,0,245306,0,7092
Image_595,216841,0,0,0,0,0,33979,56380
Image_596,96400,10779,0,200021,0,0,0,0
Image_597,24240,0,199597,0,0,77382,5981,0
Image_598,63686,0,66055,0,0,144462,32997,0
Image_599,0,0,0,0,0,119046,22157,165997
Image_600,238663,0,0,0,0,3605,4503,60429
Image_601,75531,0,32140,0,0,177913,21616,0
Image_602,51909,9397,75934,97859,0,0,0,72101
Image_603,123947,0,59516,0,0,95235,28502,0
Image_604,193367,0,0,112079,0,0,1754,0
Image_605,24110,0,0,0,0,149620,133470,0
Image_606,385883,132517,0,0,0,0,0,0
Image_607,921600,0,0,0,0,0,0,0
Image_608,0,0,0,0,0,107286,30390,169524
Image_609,0,0,15867,0,0,21231,0,270102
Image_610,151182,0,0,0,0,122595,33423,0
Image_611,56640,0,0,0,0,0,77290,173270
Image_612,100353,39537,0,167310,0,0,0,0
Image_613,355,0,0,0,0,300370,6475,0
Image_614,0,0,0,0,0,217948,12452,0
Image_615,146037,0,0,0,0,154885,6278,0
Image_616,0,0,0,0,0,0,6728,300472
Image_617,157170,0,90602,0,0,186265,4613,79750
Image_618,199842,6503,0,100855,0,0,0,0
Image_619,51,0,2478,0,0,208921,6491,89259
Image_620,42025,0,0,0,0,206108,33856,25211
Image_621,127448,0,0,0,0,172500,0,7252
Image_622,140599,0,11040,0,0,151365,4196,0
Image_623,219180,2878,0,85142,0,0,0,0
Image_624,108,0,0,0,0,80368,21587,416337
Image_625,116214,41277,0,0,0,38815,0,110894
Image_626,108642,14803,0,51016,0,73891,0,58848
Image_627,0,0,0,0,0,248900,58300,0
Image_628,190692,0,0,0,0,0,116508,0
Image_629,113184,0,0,0,0,180552,13464,0
Image_630,434889,49548,0,0,33963,0,0,0
Image_631,285153,0,0,0,0,0,22047,0
Image_632,77206,0,2346,0,0,135595,794,91259
Image_633,198273,0,0,0,0,195425,124702,0
Image_634,133812,0,22617,0,0,141020,9751,0
Image_635,85145,0,0,0,0,171161,9139,41755
Image_636,145384,5477,0,0,0,367539,0,0
Image_637,1,0,0,0,0,130698,176501,0
Image_638,258800,78335,0,0,0,584465,0,0
Image_639,289435,0,0,0,0,0,17765,0
Image_640,288843,241962,0,0,0,0,253474,137321
Image_641,285487,0,0,0,0,0,21713,0
Image_642,152838,5940,0,148422,0,0,0,0
Image_643,287599,0,0,0,0,0,19601,0
Image_644,233835,0,0,0,0,279272,5293,0
Image_645,143695,0,91035,0,0,69369,3101,0
Image_646,103800,3426,0,0,0,45262,127107,27605
Image_647,416211,77391,0,0,24798,0,0,0
Image_648,181780,0,696445,0,34263,1145992,0,0
Image_649,275797,0,0,0,0,0,31403,0
Image_650,49900,0,0,0,0,106062,151238,0
Image_651,147851,0,0,0,0,0,90756,68593
Image_652,89471,0,0,0,0,2085,739,161405
Image_653,187110,27540,0,0,0,85678,1753,5119
Image_654,511930,97432,0,0,0,0,0,312238
Image_655,75295,0,0,0,0,227578,4327,0
Image_656,157447,28703,0,0,0,0,0,121050
Image_657,51166,0,0,0,0,237618,18416,0
Image_658,80051,18554,0,0,0,198330,0,10265
Image_659,99834,45102,0,50714,0,0,0,111550
Image_660,114282,3049,0,27820,0,0,1268,160781
Image_661,170496,8990,0,0,0,127714,0,0
Image_662,0,0,0,0,0,0,57506,249694
Image_663,73427,0,0,0,0,201737,32036,0
Image_664,167940,0,49335,0,0,15201,6645,68079
Image_665,43129,0,48369,0,0,0,170403,45299
Image_666,128169,0,0,0,0,75414,101948,1669
Image_667,35,0,0,0,0,198620,8212,100333
Image_668,174394,2153,0,130653,0,0,0,0
Image_669,0,0,0,0,0,229363,77837,0
Image_670,76040,15869,0,215291,0,0,0,0
Image_671,55198,0,0,0,0,246743,5259,0
Image_672,99600,0,0,0,0,188693,18907,0
Image_673,109218,0,2834,0,0,191642,3506,0
Image_674,15820,0,0,0,0,246710,44670,0
Image_675,110786,13531,0,0,2365,180518,0,0
Image_676,95297,5177,0,0,0,206726,0,0
Image_677,0,0,0,0,0,273517,33683,0
Image_678,135646,54118,0,0,0,97504,0,19932
Image_679,206186,9067,0,64047,0,27900,0,0
Image_680,188914,21542,0,0,29191,0,0,278753
Image_681,88724,104950,0,0,43545,0,0,281181
Image_682,91252,0,0,0,0,213589,2359,0
Image_683,275418,0,0,0,0,0,31782,0
Image_684,105506,4920,25683,116661,0,0,0,54430
Image_685,0,0,0,0,0,193756,2059,111385
Image_686,0,0,0,0,0,190624,116576,0
Image_687,139188,0,0,0,0,0,141411,26601
Image_688,13635,0,0,0,0,59211,49378,184976
Image_689,0,0,0,0,0,264780,42420,0
Image_690,83469,0,0,0,0,223731,0,0
Image_691,20,0,0,0,0,283969,23211,0
Image_692,47,0,0,0,0,248396,37895,20862
Image_693,8448,0,0,0,0,272630,26122,0
Image_694,0,0,0,0,79429,1979051,0,0
Image_695,40980,0,0,0,0,218914,47306,0
Image_696,118995,8843,0,84612,0,0,0,94750
Image_697,68675,0,8166,0,0,186418,3879,40062
Image_698,154944,13302,0,67246,0,71708,0,0
Image_699,28216,0,0,0,0,210476,68508,0
Image_700,72722,0,0,213930,0,15093,5455,0
Image_701,189484,4725,0,0,0,105474,169302,49415
Image_702,263284,0,0,0,0,0,43916,0
Image_703,207021,7049,0,0,0,93130,0,0
Image_704,921600,0,0,0,0,0,0,0
Image_705,125709,6640,0,114818,0,0,0,60033
Image_706,93005,0,0,0,0,179092,35103,0
Image_707,63144,0,0,0,0,243455,601,0
Image_708,152517,0,0,0,0,154683,0,0
Image_709,46220,19714,0,0,0,241266,0,0
Image_710,79610,0,0,0,0,0,63411,164179
Image_711,201653,5690,0,99857,0,0,0,0
Image_712,152032,2964,0,152204,0,0,0,0
Image_713,15275,22191,0,269734,0,0,0,0
Image_714,14153,0,0,0,0,214844,57258,20945
Image_715,148479,23840,0,134881,0,0,0,0
Image_716,78527,0,0,0,0,221929,6744,0
Image_717,19821,0,0,0,0,227141,60238,0
Image_718,37932,0,0,82639,0,0,11934,174695
Image_719,255624,0,0,0,0,246413,16363,0
Image_720,0,0,0,0,0,0,16404,290796
Image_721,921600,0,0,0,0,0,0,0
Image_722,107526,0,0,0,0,187820,11854,0
Image_723,146536,0,0,160664,0,0,0,0
Image_724,193317,0,55925,0,0,31043,26915,0
Image_725,0,0,0,0,0,221456,18102,67642
Image_726,0,0,0,0,0,96612,0,210588
Image_727,104927,0,0,0,0,183758,0,18515
Image_728,1814,0,4679,0,0,116765,14880,169062
Image_729,0,0,0,0,0,76368,0,230832
Image_730,233324,0,0,0,0,0,73876,0
Image_731,52,0,0,0,0,297623,9525,0
Image_732,43891,0,0,149909,0,108656,4744,0
Image_733,203405,0,3190,0,0,83339,17266,0
Image_734,68235,5658,0,0,0,156507,0,0
Image_735,219193,0,0,0,0,3028,6915,78064
Image_736,221651,0,0,85549,0,0,0,0
Image_737,195706,4653,0,106841,0,0,0,0
Image_738,46721,0,0,0,0,151440,19485,89554
Image_739,401635,87682,0,0,29083,0,0,0
Image_740,0,37433,0,0,0,41014,0,228753
Image_741,251892,0,0,0,0,0,55308,0
Image_742,361040,157360,0,0,0,0,0,0
Image_743,179463,89009,0,0,27227,0,0,222701
Image_744,65947,0,0,0,0,382139,70314,0
Image_745,0,0,0,0,0,267679,39521,0
Image_746,123632,0,0,0,0,165499,18069,0
Image_747,0,0,0,0,0,250065,37496,19639
Image_748,162794,3576,0,0,0,0,0,140830
Image_749,67184,0,0,0,0,233928,6088,0
Image_750,213216,0,0,0,0,0,52142,41842
Image_751,116545,0,0,0,0,156631,30824,3200
Image_752,127809,0,0,0,0,177371,2020,0
Image_753,143653,11045,0,152502,0,0,0,0
Image_754,35374,0,0,0,0,271826,0,0
Image_755,0,34340,0,0,0,0,0,272860
Image_756,0,0,0,0,0,87801,0,219399
Image_757,118772,0,0,0,0,4123,8419,175886
Image_758,46856,0,0,0,0,180984,3971,75389
Image_759,94967,0,0,0,0,203094,9139,0
Image_760,123524,0,0,0,0,179895,3781,0
Image_761,732121,73227,0,0,22293,0,93959,0
Image_762,11130,0,19644,0,0,176479,212502,98645
Image_763,140094,9706,0,157400,0,0,0,0
Image_764,11959,0,0,0,0,0,14108,281133
Image_765,407830,110570,0,0,0,0,0,0
Image_766,14569,0,0,0,0,274937,17694,0
Image_767,136977,7028,0,163195,0,0,0,0
Image_768,194967,0,0,0,0,66429,45804,0
Image_769,211676,0,0,0,0,66269,29255,0
Image_770,556120,114169,0,0,0,0,41231,210080
Image_771,115641,0,0,0,0,83708,107851,0
Image_772,136698,35644,0,0,4550,38148,0,0
Image_773,0,0,0,0,0,0,31793,275407
Image_774,74415,0,0,0,0,204701,28084,0
Image_775,0,0,113561,0,0,0,68440,125199
Image_776,0,0,0,0,0,244293,62907,0
Image_777,146444,0,0,0,0,117624,43132,0
Image_778,438299,41701,0,0,0,0,0,0
Image_779,163759,16653,0,0,0,0,0,126788
Image_780,84180,0,0,0,0,130837,92183,0
Image_781,151170,0,0,0,0,244900,4760,117570
Image_782,273640,0,0,0,0,0,33560,0
Image_783,108756,0,0,0,0,141078,57366,0
Image_784,141053,0,0,0,0,166147,0,0
Image_785,190511,0,0,0,0,77434,39255,0
Image_786,7388,0,0,0,0,237898,8137,53777
Image_787,84943,6172,6072,155302,0,17442,0,37269
Image_788,443031,192930,0,0,9723,1412796,0,0
Image_789,125751,0,0,0,0,165861,15588,0
Image_790,41726,0,0,0,0,201543,39139,24792
Image_791,135500,0,0,0,0,80663,91037,0
Image_792,160361,0,0,0,0,242227,25820,89992
Image_793,192252,0,0,0,0,32326,82622,0
Image_794,0,0,0,26471,0,0,0,280729
Image_795,25071,0,0,0,0,269727,12402,0
Image_796,158961,0,3915,0,0,351059,4465,0
Image_797,0,0,165881,141319,0,0,0,0
Image_798,0,0,0,0,0,228851,47169,31180
Image_799,347002,0,0,0,0,12980,48483,37435
Image_800,132909,31417,0,0,0,0,0,142874
Image_801,131665,6300,0,0,0,131432,0,37803
Image_802,54656,0,11682,0,0,168520,14341,58001
Image_803,51086,0,0,0,0,120182,135932,0
Image_804,80971,0,12195,0,0,162697,51337,0
Image_805,0,0,0,0,0,250980,56220,0
Image_806,159994,0,0,0,0,74439,42817,29950
Image_807,217645,11224,0,69581,1356,7394,0,0
Image_808,199119,4969,0,0,0,0,0,103112
Image_809,152931,0,0,78756,0,63795,0,11718
Image_810,33622,0,0,0,0,212716,60862,0
Image_811,68971,0,0,0,0,235993,2236,0
Image_812,0,0,0,0,0,257343,22581,27276
Image_813,44550,0,0,0,29245,206525,0,0
Image_814,921600,0,0,0,0,0,0,0
Image_815,167229,8037,0,131934,0,0,0,0
Image_816,106832,0,0,0,0,3777,118489,24602
Image_817,112214,4952,0,190034,0,0,0,0
Image_818,0,0,0,0,0,63785,33819,209596
Image_819,0,0,109968,0,0,0,73428,123804
Image_820,123156,0,0,0,0,162426,21618,0
Image_821,92299,0,0,0,0,179644,35257,0
Image_822,184675,0,0,31727,0,1682,0,89116
Image_823,116969,15585,0,174646,0,0,0,0
Image_824,231921,64334,0,0,8904,0,0,213241
Image_825,60023,14127,0,0,0,0,0,98906
Image_826,65397,0,0,0,0,185189,22964,33650
Image_827,15248,0,0,0,126513,0,0,1916719
Image_828,301621,0,89208,0,0,15735,54909,56927
Image_829,52484,0,33723,0,0,210479,10514,0
Image_830,118865,0,0,0,0,0,107142,81193
Image_831,43164,0,0,0,0,101883,2735,159418
Image_832,123132,2211,0,181857,0,0,0,0
Image_833,165553,0,0,141647,0,0,0,0
Image_834,129575,0,0,0,0,150795,26830,0
Image_835,188200,0,0,0,0,104445,14555,0
Image_836,0,0,0,0,0,107800,0,199400
Image_837,0,0,0,0,0,279904,27296,0
Image_838,34647,11191,0,208461,0,0,0,52901
Image_839,144015,0,0,0,0,142545,20640,0
Image_840,2537,0,0,0,0,169512,4346,130805
Image_841,143915,0,0,0,0,158311,4974,0
Image_842,108069,0,317148,0,0,93183,0,0
Image_843,133533,2234,0,57427,0,25888,0,88118
Image_844,9260,0,0,0,0,160084,22779,115077
Image_845,859,0,0,0,0,280367,25974,0
Image_846,175494,0,0,0,0,7760,0,123946
Image_847,103960,0,0,161545,0,0,0,41695
Image_848,111385,1748,0,194067,0,0,0,0
Image_849,104196,2765,0,0,0,119619,3820,0
Image_850,0,0,0,0,0,149674,182709,186017
Image_851,208252,0,3476,0,0,79968,15504,0
Image_852,743164,70262,0,0,0,0,16782,91392
Image_853,102587,0,0,0,0,196126,8487,0
Image_854,102241,25992,0,150803,0,0,0,28164
Image_855,75540,0,0,222072,0,0,9588,0
Image_856,135130,0,0,0,0,0,74191,44379
Image_857,50577,0,0,0,0,237846,18777,0
Image_858,275399,9316,0,0,0,0,22485,0
Image_859,153837,0,0,0,0,148734,4629,0
Image_860,108539,0,0,0,0,130948,11064,56649
Image_861,263190,0,0,0,0,193607,61603,0
Image_862,74014,4434,0,0,0,151952,0,0
Image_863,0,0,0,0,0,239270,50012,17918
Image_864,144280,0,0,0,0,149904,13016,0
Image_865,31271,6185,5947,0,0,208363,2847,52587
Image_866,184058,0,0,0,0,329551,4791,0
Image_867,39481,0,0,0,0,267719,0,0
Image_868,130804,0,0,0,0,0,0,387596
Image_869,126914,54886,0,0,0,28886,0,96514
Image_870,0,0,0,0,0,265830,46365,206205
Image_871,68983,0,0,0,0,116708,44709,0
Image_872,391663,88337,0,0,0,0,0,0
Image_873,70294,0,0,136780,0,84373,613,15140
Image_874,223844,0,88584,0,0,176179,7207,22586
Image_875,3,0,0,0,0,177781,7433,121983
Image_876,4415,0,0,0,0,267560,232336,14089
Image_877,54365,19606,0,0,0,232951,278,0
Image_878,148053,3456,0,155691,0,0,0,0
Image_879,220378,0,0,0,0,5,86817,0
Image_880,216994,0,0,0,0,0,39643,50563
Image_881,0,0,0,0,0,49436,22849,234915
Image_882,99596,0,0,0,0,166627,252177,0
Image_883,0,0,0,0,0,231668,31300,44232
Image_884,78556,0,0,0,0,168057,60587,0
Image_885,0,0,0,0,0,0,32956,274244
Image_886,90580,0,0,216195,0,0,425,0
Image_887,37644,0,0,142880,0,0,126676,0
Image_888,271006,0,0,0,0,0,36194,0
Image_889,201564,0,0,0,0,0,52136,0
Image_890,0,0,0,0,20150,168358,0,91812
Image_891,0,0,0,50832,0,0,0,256368
Image_892,59870,0,0,0,0,97658,0,149672
Image_893,118981,0,0,0,0,100147,88072,0
Image_894,74645,0,0,0,0,227972,4583,0
Image_895,278278,0,0,0,40935,1739267,0,0
Image_896,66288,0,0,33161,0,0,3091,204660
Image_897,0,0,0,0,207689,1419459,0,431332
Image_898,12822,0,0,0,0,232083,62295,0
Image_899,139853,0,19735,0,0,122594,25018,0
Image_900,0,0,0,0,0,62943,79632,164625
Image_901,151587,0,2531,0,0,129068,11744,12270
Image_902,52369,0,43251,0,0,396519,0,26261
Image_903,0,0,0,0,0,0,18480,288720
Image_904,68341,0,0,0,0,29117,151188,58554
Image_905,29075,0,0,0,0,271513,6612,0
Image_906,148460,0,0,0,0,157326,1414,0
Image_907,236,0,0,0,0,194838,10870,101256
Image_908,219697,13420,0,74083,0,0,0,0
Image_909,46381,0,0,0,0,204188,4337,52294
Image_910,37526,0,0,0,0,206557,40439,22678
Image_911,814661,0,0,0,14779,0,0,0
Image_912,116589,0,0,167443,0,0,4515,18653
Image_913,85587,0,0,0,0,192184,29429,0
Image_914,19787,0,0,0,0,136785,0,150628
Image_915,700104,97008,0,0,0,0,24316,100172
Image_916,54,0,5980,0,0,202988,35613,62565
Image_917,116626,0,38066,0,0,146835,5673,0
Image_918,194324,0,0,112513,0,0,363,0
Image_919,185019,0,0,0,0,307257,26124,0
Image_920,223175,0,3230,0,0,2197,61449,17149
Image_921,0,0,0,0,34457,0,0,887143
Image_922,0,0,0,0,0,255916,51284,0
Image_923,53,0,230810,0,0,41171,0,35166
Image_924,190778,0,0,0,0,44868,71554,0
Image_925,305436,0,0,0,0,1764,0,0
Image_926,104132,0,3591,0,0,122041,77436,0
Image_927,100271,0,0,153429,0,0,0,0
Image_928,87791,0,0,0,0,219409,0,0
Image_929,153784,0,0,0,0,153416,0,0
Image_930,239108,0,0,0,0,0,68092,0
Image_931,258110,0,0,0,0,0,49090,0
Image_932,108069,0,0,74166,0,0,0,124965
Image_933,89944,0,102663,0,0,85645,0,28948
Image_934,921600,0,0,0,0,0,0,0
Image_935,453071,16850,0,0,0,0,0,451679
Image_936,233771,0,0,0,0,52676,20753,0
Image_937,147079,2722,0,41905,0,0,0,115494
Image_938,77950,0,0,0,0,216430,12820,0
Image_939,7459,0,0,0,0,244899,54842,0
Image_940,0,0,0,0,0,114846,0,192354
Image_941,156704,77606,0,0,10531,0,0,273559
Image_942,20116,0,7807,0,0,132745,14550,131982
Image_943,139727,0,0,0,0,163657,3816,0
Image_944,142864,0,0,0,0,322049,53487,0
Image_945,20556,0,0,0,0,277363,9281,0
Image_946,67333,0,0,0,0,149957,89910,0
Image_947,65,41829,0,159521,0,0,0,105785
Image_948,65888,0,0,0,0,201251,40061,0
Image_949,336102,0,0,0,0,158031,24267,0
Image_950,315729,0,104937,0,0,0,65297,32437
Image_951,0,0,0,0,0,152980,10737,143483
Image_952,393101,73408,0,0,51891,0,0,0
Image_953,75211,0,10015,0,0,152400,43322,26252
Image_954,31376,0,0,0,0,270741,5083,0
Image_955,217,0,0,0,0,290492,16491,0
Image_956,304533,0,0,0,0,2569,98,0
Image_957,30379,0,0,0,0,259735,17086,0
Image_958,56113,0,0,0,0,210380,16117,24590
Image_959,278453,4095,0,0,0,0,11004,13648
Image_960,75715,0,0,0,0,203318,16371,11796
Image_961,81316,0,0,0,0,211239,14645,0
Image_962,116059,0,0,0,0,185466,5675,0
Image_963,73218,0,0,233982,0,0,0,0
Image_964,99612,0,7673,0,0,95464,11571,92880
Image_965,121125,26353,0,66499,0,93223,0,0
Image_966,0,0,0,0,0,78029,0,229171
Image_967,104963,0,8569,0,0,191467,2201,0
Image_968,49395,7866,0,152158,0,0,0,97781
Image_969,30883,0,66255,0,0,186154,23908,0
Image_970,190811,3253,0,113136,0,0,0,0
Image_971,177084,0,0,76616,0,0,0,0
Image_972,109928,16583,0,0,0,13521,0,33024
Image_973,39824,0,0,0,0,184509,82867,0
Image_974,73960,0,0,0,0,154635,78605,0
Image_975,199846,12853,0,0,2341,0,0,0
Image_976,850840,0,0,0,70760,0,0,0
Image_977,76260,29029,0,197390,0,0,4521,0
Image_978,450672,29328,0,0,0,0,0,0
Image_979,233453,0,0,0,0,0,73747,0
Image_980,33593,0,0,0,0,251392,22215,0
Image_981,0,45076,0,0,0,55169,946,206009
Image_982,0,75591,0,0,12260,0,0,219349
Image_983,232880,0,0,0,0,0,74320,0
Image_984,113517,0,0,0,0,987,125511,67185
Image_985,96808,0,0,0,0,172847,33808,3737
Image_986,101934,0,13466,0,0,188267,3533,0
Image_987,139182,0,0,0,0,163319,4699,0
Image_988,60208,0,36154,0,0,207146,3692,0
Image_989,219578,0,0,0,0,1353,32769,0
Image_990,0,0,0,0,0,274132,33068,0
Image_991,20743,0,20240,0,0,122082,113259,30876
Image_992,211301,0,0,0,0,0,95899,0
Image_993,86829,0,0,0,0,0,22650,197721
Image_994,0,0,0,0,0,0,70488,236712
Image_995,260159,0,4021,0,0,251176,3044,0
Image_996,151165,0,59001,0,0,28319,68715,0
Image_997,122402,0,0,0,0,0,52468,132330
Image_998,93550,0,0,213650,0,0,0,0
Image_999,110710,0,0,98956,0,0,0,97534
Image_1000,36674,0,0,0,0,236367,34159,0
Image_1001,160635,12710,0,0,0,0,0,133855
Image_1002,45425,0,0,0,0,234808,1350,25617
Image_1003,69061,0,0,0,0,238139,0,0
Image_1004,133876,0,0,0,0,166747,6577,0
Image_1005,54289,0,0,0,0,242501,10410,0
Image_1006,242327,0,0,0,0,1151,10222,0
Image_1007,142164,12014,0,74358,0,0,0,78664
Image_1008,70663,0,0,0,0,196948,39589,0
Image_1009,438334,41666,0,0,0,0,0,0
Image_1010,101882,0,0,0,0,78753,126565,0
Image_1011,203309,0,0,0,0,310440,4651,0
Image_1012,0,0,73831,0,0,0,52416,180953
Image_1013,265707,0,12319,0,0,185232,494,54648
Image_1014,188975,0,0,0,0,260273,69152,0
Image_1015,210159,0,0,0,0,62323,34718,0
Image_1016,75983,15326,0,202740,0,0,13151,0
Image_1017,88849,0,0,0,0,203566,7070,7715
Image_1018,112461,0,0,0,0,22450,94278,78011
Image_1019,66594,37087,0,0,8886,102473,0,0
Image_1020,0,0,0,0,0,295421,11779,0
Image_1021,209691,0,0,0,0,87689,9820,0
Image_1022,684217,0,0,0,145223,0,0,0
Image_1023,193221,0,0,0,0,36340,77639,0
Image_1024,396459,0,0,0,0,3083,46358,0
Image_1025,117609,0,51487,0,0,185054,19664,144586
Image_1026,82248,0,0,0,0,188791,36161,0
Image_1027,124152,0,16353,0,0,140557,26138,0
Image_1028,142631,0,0,0,0,164569,0,0
Image_1029,51449,0,0,0,0,244398,11353,0
Image_1030,174950,35030,0,0,5060,0,0,0
Image_1031,74816,4448,0,0,0,151136,0,0
Image_1032,52303,0,190242,0,0,0,64655,0
Image_1033,79057,0,11122,0,0,108974,12822,95225
Image_1034,89714,0,0,0,0,209385,8101,0
Image_1035,156269,0,22620,0,0,128311,0,0
Image_1036,98895,1136,0,0,0,207169,0,0
Image_1037,238701,0,0,0,0,0,68499,0
Image_1038,122939,0,0,0,0,0,29533,154728
Image_1039,0,0,0,0,0,161959,89730,266711
Image_1040,1532,0,0,0,0,125833,25848,153987
Image_1041,0,0,0,0,0,211692,3714,91794
Image_1042,121003,0,0,0,0,186197,0,0
Image_1043,0,0,0,0,0,150775,74823,81602
Image_1044,66212,0,0,0,0,164188,0,0
Image_1045,170087,0,0,110264,0,0,0,26849
Image_1046,264,0,0,0,0,143436,24192,139308
Image_1047,72821,0,2922,0,0,231457,0,0
Image_1048,258381,0,0,0,0,0,48819,0
Image_1049,0,0,0,0,0,239534,67666,0
Image_1050,138778,0,91746,0,0,0,76676,0
Image_1051,0,0,0,0,28134,204408,0,47778
Image_1052,49984,0,0,192390,0,0,11326,0
Image_1053,428752,36437,0,0,0,0,140336,316075
Image_1054,120034,0,0,0,0,134497,52669,0
Image_1055,77467,0,0,194029,0,35704,0,0
Image_1056,209658,0,0,0,0,2377,23741,71424
Image_1057,142367,44354,0,120479,0,0,0,0
Image_1058,84761,49956,0,0,0,14432,0,65891
Image_1059,14457,0,0,0,0,277405,15338,0
Image_1060,168980,39793,0,0,0,0,4870,93557
Image_1061,124812,0,0,0,0,181785,603,0
Image_1062,0,0,78632,0,0,0,51165,177403
Image_1063,165805,0,0,0,0,141395,0,0
Image_1064,0,0,99150,0,0,163412,44638,0
Image_1065,2475,0,0,0,0,151774,15633,137318
Image_1066,95684,0,0,0,0,0,5422,152594
Image_1067,30,0,0,0,0,191102,116068,0
Image_1068,0,0,0,0,0,16244,33355,257601
Image_1069,0,0,0,0,0,0,32955,485445
Image_1070,106318,0,0,0,0,189303,11579,0
Image_1071,26941,0,2881,0,0,273882,3496,0
Image_1072,168490,30262,0,0,0,91617,6310,10521
Image_1073,262899,0,0,0,0,248513,6988,0
Image_1074,0,0,0,0,0,275823,31377,0
Image_1075,286927,0,0,0,0,3650,16623,0
Image_1076,0,0,0,0,0,293931,13269,0
Image_1077,0,0,0,0,0,0,45489,261711
Image_1078,190621,0,0,0,0,65055,51524,0
Image_1079,250978,0,0,0,0,27746,28476,0
Image_1080,101250,0,0,0,0,0,60896,145054
Image_1081,48673,0,0,0,0,196288,4396,57843
Image_1082,148124,0,0,0,0,40410,118666,0
Image_1083,0,0,0,0,0,0,20336,498064
Image_1084,285689,0,0,0,0,0,21511,0
Image_1085,76396,0,0,0,0,64262,166542,0
Image_1086,277091,0,0,0,0,0,30109,0
Image_1087,95781,0,0,130483,0,0,0,80936
Image_1088,62185,0,0,0,0,241125,3890,0
Image_1089,566842,37746,0,0,0,0,37548,279464
Image_1090,11189,0,127865,0,0,205919,2883,170544
Image_1091,106247,0,24433,0,0,0,53825,122695
Image_1092,58407,0,0,0,0,107247,0,141546
Image_1093,201003,209022,0,0,0,121711,141820,248044
Image_1094,7807,0,0,0,0,104935,0,194458
Image_1095,0,0,0,0,0,45863,62393,198944
Image_1096,156516,0,0,0,0,142374,8310,0
Image_1097,238842,0,14128,0,0,54230,0,0
Image_1098,113161,83106,0,0,0,0,0,725333
Image_1099,111588,4370,0,0,0,191242,0,0
Image_1100,131255,0,0,0,0,175042,903,0
Image_1101,91389,6757,0,0,3789,113105,0,0
Image_1102,40321,0,0,0,0,243971,22908,0
Image_1103,114221,1228,0,171208,0,0,0,20543
Image_1104,71796,0,0,235404,0,0,0,0
Image_1105,483561,10017,0,428022,0,0,0,0
Image_1106,69344,0,0,0,0,207429,0,30427
Image_1107,921600,0,0,0,0,0,0,0
Image_1108,59931,0,0,0,0,210319,36950,0
Image_1109,244012,0,0,0,0,18426,44762,0
Image_1110,105319,0,0,0,0,101935,9456,90490
Image_1111,171654,0,0,0,0,124224,11322,0
Image_1112,172663,0,0,0,0,0,101773,32764
Image_1113,51627,1263,0,0,0,246725,7585,0
Image_1114,274855,5727,0,0,0,0,26618,0
Image_1115,117523,0,0,0,0,0,87319,102358
Image_1116,242013,0,12664,0,0,0,52523,0
Image_1117,288691,0,0,0,0,1963,16546,0
Image_1118,151543,7119,0,148538,0,0,0,0
Image_1119,103902,5322,0,0,0,136096,7325,54555
Image_1120,284108,132292,0,505200,0,0,0,0
Image_1121,58226,0,6739,0,0,106848,18310,117077
Image_1122,145390,0,0,0,0,258305,19648,95057
Image_1123,831346,0,56692,0,33562,0,0,0
Image_1124,162354,0,68540,0,0,68339,7967,0
Image_1125,0,0,0,0,0,0,103142,204058
Image_1126,42063,0,0,0,24917,213340,0,0
Image_1127,125586,0,0,0,0,0,162215,19399
Image_1128,74571,11924,23649,157002,0,0,0,40054
Image_1129,390856,95333,0,435411,0,0,0,0
Image_1130,0,0,0,0,0,71603,12722,222875
Image_1131,220885,0,0,0,0,18152,68163,0
Image_1132,131937,0,0,0,0,0,175263,0
Image_1133,131036,0,0,0,0,171428,4736,0
Image_1134,921600,0,0,0,0,0,0,0
Image_1135,0,0,0,0,0,0,41672,265528
Image_1136,87619,0,27842,0,0,191187,552,0
Image_1137,192725,0,15237,0,0,44022,55216,0
Image_1138,81792,0,0,0,0,210379,15029,0
Image_1139,0,0,0,0,0,258697,48503,0
Image_1140,0,0,0,0,0,281334,25866,0
Image_1141,236866,0,0,0,0,0,70334,0
Image_1142,124386,0,0,0,0,145171,4966,32677
Image_1143,0,0,0,0,0,279080,28120,0
Image_1144,129141,0,0,124229,0,0,0,53830
Image_1145,0,19363,19118,47027,0,0,0,221692
Image_1146,58226,42391,0,0,0,0,0,206583
Image_1147,1197,0,0,0,0,237984,68019,0
Image_1148,104910,0,0,0,0,190773,11517,0
Image_1149,121906,5175,0,0,0,170878,9241,0
Image_1150,232266,0,26761,0,0,24588,23585,0
Image_1151,117372,0,0,0,0,185680,4148,0
Image_1152,921600,0,0,0,0,0,0,0
Image_1153,48906,0,0,0,0,379343,90151,0
Image_1154,43144,13668,18947,128778,0,0,0,102663
Image_1155,0,0,0,0,0,247862,14552,44786
Image_1156,123220,0,110665,0,0,62952,0,10363
Image_1157,81052,0,0,226148,0,0,0,0
Image_1158,0,0,0,0,0,295642,11558,0
Image_1159,172373,0,0,0,0,0,30505,104322
Image_1160,195767,26379,0,0,0,85054,0,0
Image_1161,99470,0,0,0,0,418930,0,0
Image_1162,421781,180053,0,0,21538,1435108,0,0
Image_1163,206810,0,0,0,0,277434,34156,0
Image_1164,105558,0,0,0,0,94641,107001,0
Image_1165,225228,0,0,0,0,0,81972,0
Image_1166,0,0,0,0,0,299801,7399,0
Image_1167,0,0,0,0,0,37370,30789,450241
Image_1168,116510,12372,0,94453,0,0,0,83865
Image_1169,127634,0,0,0,0,263704,50968,76094
Image_1170,57477,0,0,0,0,139908,90925,18890
Image_1171,92256,102769,0,0,0,112175,0,0
Image_1172,89391,0,3952,0,0,201257,12600,0
Image_1173,156882,21944,0,128374,0,0,0,0
Image_1174,143463,0,0,0,25171,0,0,349766
Image_1175,0,0,0,0,0,298633,8567,0
Image_1176,99086,11379,0,196735,0,0,0,0
Image_1177,0,0,0,0,0,263068,44132,0
Image_1178,127154,0,0,0,0,178083,1963,0
Image_1179,222100,0,0,0,0,1598,30002,0
Image_1180,149914,0,0,83696,0,0,0,73590
Image_1181,165771,94827,0,0,10175,0,0,247627
Image_1182,113006,20637,0,0,0,173557,0,0
Image_1183,81636,19833,0,0,0,49421,0,367510
Image_1184,81860,0,1248,0,0,223880,212,0
Image_1185,58700,3197,0,237405,0,0,7898,0
Image_1186,32979,0,0,0,0,231835,42386,0
Image_1187,283501,0,0,0,0,0,23699,0
Image_1188,103120,28630,0,0,0,175450,0,0
Image_1189,187991,5717,0,0,0,100827,12665,0
Image_1190,105220,0,0,0,0,160314,41666,0
Image_1191,8897,0,0,0,0,144708,84781,68814
Image_1192,0,0,0,0,0,125288,58804,123108
Image_1193,49145,0,0,0,0,185397,939,71719
Image_1194,108083,0,0,0,0,119599,28003,51515
Image_1195,144427,0,0,0,0,263733,142,110098
Image_1196,0,0,0,0,0,106864,185008,15328
Image_1197,46239,0,5220,0,0,196246,4536,54959
Image_1198,263677,0,0,0,0,0,43523,0
Image_1199,306360,0,840,0,0,0,0,0
Image_1200,146071,0,0,0,24293,0,0,751236
Image_1201,73854,0,22803,0,0,137232,1178,72133
Image_1202,81266,0,0,0,0,195055,30879,0
Image_1203,124689,34777,0,0,0,0,0,147734
Image_1204,366587,126637,0,0,25176,0,0,0
Image_1205,63235,0,0,0,0,2159,3514,184792
Image_1206,133173,0,19154,0,0,150691,4182,0
Image_1207,63447,0,0,0,0,227278,16475,0
Image_1208,107601,43987,0,155612,0,0,0,0
Image_1209,268926,5506,0,0,0,0,32768,0
Image_1210,156,0,0,0,0,92284,24806,189954
Image_1211,30973,0,0,0,0,193597,82630,0
Image_1212,84830,0,0,0,0,221689,681,0
Image_1213,769384,0,0,0,60056,0,0,0
Image_1214,62750,1291,0,0,0,243103,56,0
Image_1215,235416,0,0,0,0,33608,38176,0
Image_1216,117293,81385,0,0,0,108522,0,0
Image_1217,76683,0,0,0,0,230517,0,0
Image_1218,104699,21942,0,130047,0,0,0,50512
Image_1219,191877,0,0,0,0,115323,0,0
Image_1220,206028,0,41530,0,0,59642,0,0
Image_1221,288373,0,0,0,0,0,18827,0
Image_1222,133059,4987,0,0,0,131013,289,37852
Image_1223,18687,0,0,0,29698,231935,0,0
Image_1224,56437,0,0,0,0,172449,1784,76530
Image_1225,0,0,0,0,0,0,13138,294062
Image_1226,146477,0,0,160723,0,0,0,0
Image_1227,132210,33872,0,0,8704,40254,0,0
Image_1228,145342,6472,0,0,0,155386,0,0
Image_1229,146652,0,8325,0,0,134278,3471,14474
Image_1230,90770,12494,0,0,0,203936,0,0
Image_1231,90603,0,0,0,0,197140,19457,0
Image_1232,168738,0,6240,0,0,104049,14181,13992
Image_1233,285474,0,0,0,0,0,21726,0
Image_1234,120033,0,0,0,0,187167,0,0
Image_1235,251185,0,0,0,0,2365,150,0
Image_1236,0,0,0,0,0,235346,71854,0
Image_1237,60640,0,0,0,0,231961,14599,0
Image_1238,59047,0,0,0,0,201847,19827,26479
Image_1239,272379,0,0,0,0,0,34821,0
Image_1240,116350,0,0,0,0,189193,1657,0
Image_1241,24993,25171,0,0,8283,61989,0,94604
Image_1242,104901,0,0,0,0,202299,0,0
Image_1243,14945,0,17689,13675,0,0,7591,253300
Image_1244,128684,0,0,0,0,172770,5746,0
Image_1245,89392,0,0,0,0,195506,22302,0
Image_1246,491332,202057,0,0,5990,1359101,0,0
Image_1247,81803,0,0,170707,0,0,0,1190
Image_1248,198228,15246,0,93726,0,0,0,0
Image_1249,443096,36904,0,0,0,0,0,0
Image_1250,395791,96760,0,0,4666,0,186344,238039
Image_1251,50800,0,0,0,0,256400,0,0
Image_1252,131377,0,15850,0,0,156913,3060,0
Image_1253,0,0,155994,0,0,109461,41745,0
Image_1254,96521,23291,98892,49571,0,0,0,38925
Image_1255,62932,0,0,0,0,0,244268,0
Image_1256,38323,0,0,0,0,256579,12298,0
Image_1257,199527,0,0,0,0,59679,47994,0
Image_1258,53340,3120,0,0,0,250106,634,0
Image_1259,310469,92084,0,519047,0,0,0,0
Image_1260,0,0,0,0,0,0,39225,267975
Image_1261,26319,0,0,0,0,248992,31889,0
Image_1262,64783,0,0,0,0,176510,25182,40725
Image_1263,71513,0,39846,0,0,27883,13770,154188
Image_1264,0,46603,0,0,0,0,0,168437
Image_1265,103588,0,0,0,0,30783,172829,0
Image_1266,154247,55031,0,97922,0,0,0,0
Image_1267,76727,79549,0,0,0,22366,0,128558
Image_1268,445120,58501,0,0,14779,0,0,0
Image_1269,103271,0,0,83976,0,117189,2764,0
Image_1270,0,0,0,0,0,218742,77254,11204
Image_1271,128721,0,0,0,0,79586,98893,0
Image_1272,71118,0,0,0,0,230169,5913,0
Image_1273,117414,0,0,0,0,4089,40980,144717
Image_1274,0,0,0,0,0,225154,82046,0
Image_1275,78172,0,0,140845,0,88183,0,0
Image_1276,168056,0,2567,136577,0,0,0,0
Image_1277,91014,0,0,0,0,133429,7885,74872
Image_1278,246603,0,0,60597,0,0,0,0
Image_1279,114775,0,0,80937,0,49936,477,61075
Image_1280,74399,0,0,0,0,208791,14408,9602
Image_1281,72011,0,0,0,0,196255,0,38934
Image_1282,0,0,0,0,0,0,43948,263252
Image_1283,0,0,0,0,0,292082,15118,0
Image_1284,0,10098,0,181955,0,0,6040,109107
Image_1285,0,0,0,0,0,0,138125,169075
Image_1286,0,0,0,0,0,291846,15354,0
Image_1287,192267,5834,0,0,0,97182,11917,0
Image_1288,163706,0,27242,0,0,39671,16266,60315
Image_1289,287208,0,0,0,0,0,19992,0
Image_1290,0,0,0,0,0,270057,37143,0
Image_1291,166153,0,0,0,0,134433,6614,0
Image_1292,253343,64535,0,0,8306,0,0,192216
Image_1293,58157,0,6736,0,0,231761,10546,0
Image_1294,121598,2572,29621,0,0,0,119351,34058
Image_1295,0,0,0,0,0,0,11523,295677
Image_1296,3294,0,0,0,0,223612,80294,0
Image_1297,50735,0,0,0,0,248930,7535,0
Image_1298,0,0,0,0,0,0,139084,168116
Image_1299,205370,34511,0,0,0,131677,45473,101369
Image_1300,246166,0,0,0,0,1349,6185,0
Image_1301,169985,11615,0,125600,0,0,0,0
Image_1302,1482,0,0,0,0,258844,46874,0
Image_1303,0,0,0,219037,0,0,389,87774
Image_1304,14972,0,28096,0,0,238797,25335,0
Image_1305,78982,0,0,0,0,200115,28103,0
Image_1306,0,0,0,0,0,245191,62009,0
Image_1307,310222,0,0,0,0,169778,0,0
Image_1308,460779,19221,0,0,0,0,0,0
Image_1309,189286,0,3351,0,0,295151,30612,0
Image_1310,229511,0,0,0,0,0,77689,0
Image_1311,0,0,0,0,0,57340,0,249860
Image_1312,102531,0,0,0,0,233914,2021,179934
Image_1313,0,0,0,0,0,280662,25350,1188
Image_1314,53146,60967,0,0,12883,46653,0,41391
Image_1315,0,0,0,0,0,297178,10022,0
Image_1316,49727,0,2838,0,0,344249,24274,97312
Image_1317,0,0,0,0,0,0,51332,255868
Image_1318,108385,0,0,0,0,193713,5102,0
Image_1319,0,0,0,0,0,198796,31159,77245
Image_1320,58803,0,0,0,0,190215,58182,0
Image_1321,124803,7701,0,47199,0,0,0,127497
Image_1322,0,0,0,59428,0,47374,9874,190524
Image_1323,31338,0,168668,0,0,0,6037,24357
Image_1324,77580,9515,0,220105,0,0,0,0
Image_1325,98431,0,0,0,0,131969,0,0
Image_1326,215142,209184,0,0,0,0,279826,217448
Image_1327,87490,0,0,0,0,219710,0,0
Image_1328,51945,0,2065,0,0,253190,0,0
Image_1329,141653,2112,27861,47374,0,0,0,88200
Image_1330,47507,0,195987,0,0,0,63706,0
Image_1331,131703,0,24002,0,0,174927,49647,138121
Image_1332,152482,23603,0,66776,0,0,0,64339
Image_1333,85042,0,0,0,0,402221,31137,0
Image_1334,124884,0,0,181299,0,0,1017,0
Image_1335,175131,0,0,131827,0,0,242,0
Image_1336,33724,0,0,0,0,259111,14365,0
Image_1337,0,0,13321,0,0,289632,4247,0
Image_1338,22,0,0,0,0,49265,105474,152439
Image_1339,0,0,0,0,0,260678,46522,0
Image_1340,215593,0,0,0,0,1553,36554,0
Image_1341,52642,0,0,0,0,154709,23049,0
Image_1342,0,0,20751,0,0,38962,100850,146637
Image_1343,156345,4279,0,146576,0,0,0,0
Image_1344,233418,0,0,0,0,73782,0,0
Image_1345,78796,7884,0,0,0,150579,0,69941
Image_1346,179130,14944,0,113126,0,0,0,0
Image_1347,210854,0,0,0,0,2529,42153,51664
Image_1348,762470,0,0,0,66970,0,0,0
Image_1349,82974,0,0,0,0,146932,409,76885
Image_1350,76820,0,0,0,0,168069,62311,0
Image_1351,110238,0,196962,0,0,0,0,0
Image_1352,54521,0,0,0,0,247355,5324,0
Image_1353,53691,0,0,0,0,244695,8814,0
Image_1354,921600,0,0,0,0,0,0,0
Image_1355,87696,0,100758,0,0,0,103254,15492
Image_1356,94693,0,0,0,0,208620,3887,0
Image_1357,30113,0,0,0,0,225647,51440,0
Image_1358,904002,17598,0,0,0,0,0,0
Image_1359,119598,3161,0,21853,0,162588,0,0
Image_1360,166,0,0,0,0,162918,66760,77356
Image_1361,0,0,0,0,0,418294,35832,64274
Image_1362,54356,15965,10638,116785,0,0,0,109456
Image_1363,137434,0,0,0,0,0,46266,123500
Image_1364,0,0,0,0,0,194247,112953,0
Image_1365,428519,55523,0,0,34358,0,0,0
Image_1366,0,0,250209,0,0,13193,15001,28797
Image_1367,184794,0,0,122406,0,0,0,0
Image_1368,173597,925,0,132678,0,0,0,0
Image_1369,19867,0,0,0,0,437451,61082,0
Image_1370,270692,0,0,0,0,0,36508,0
Image_1371,75719,0,0,0,0,157235,4025,70221
Image_1372,273352,0,0,0,0,0,33848,0
Image_1373,58088,0,0,94371,0,0,0,154741
Image_1374,54288,0,0,0,0,234169,18743,0
Image_1375,0,0,0,0,0,289612,17588,0
Image_1376,0,0,39,0,0,183687,14517,108957
Image_1377,211325,94875,0,0,0,63890,0,551510
Image_1378,78468,0,9225,0,0,208349,11158,0
Image_1379,118412,1947,0,21473,0,0,0,165368
Image_1380,0,0,0,0,0,196141,38911,72148
Image_1381,0,0,0,0,0,0,31758,275442
Image_1382,0,0,0,0,0,0,9997,297203
Image_1383,76099,0,0,0,0,201801,29300,0
Image_1384,98550,0,0,68843,0,139807,0,0
Image_1385,266103,0,0,0,0,0,41097,0
Image_1386,441,0,0,0,0,42737,44984,219038
Image_1387,264469,0,0,0,0,0,42731,0
Image_1388,112971,0,0,0,0,0,72084,122145
Image_1389,102883,0,5801,0,0,196837,1679,0
Image_1390,104448,3760,3460,0,0,40756,125683,29093
Image_1391,264200,0,0,0,0,38871,4129,0
Image_1392,124639,0,0,0,0,180768,1793,0
Image_1393,22837,0,0,0,0,279076,5287,0
Image_1394,199020,0,0,0,0,0,108180,0
Image_1395,37399,0,0,7799,0,0,262002,0
Image_1396,0,0,0,0,0,266965,40235,0
Image_1397,0,0,10236,0,0,151875,15016,130073
Image_1398,72056,6077,0,167631,0,17787,0,43649
Image_1399,0,0,0,30073,0,0,0,277127
Image_1400,120668,0,0,104701,0,0,0,81831
Image_1401,847294,33693,0,0,0,0,40613,0
Image_1402,82237,0,0,0,0,219839,5124,0
Image_1403,0,0,0,0,0,38232,86787,182181
Image_1404,52056,0,0,0,0,253445,1699,0
Image_1405,406517,111883,0,0,0,0,0,0
Image_1406,68497,0,0,0,0,238098,605,0
Image_1407,93866,12158,43237,0,0,104645,29248,24046
Image_1408,101378,81785,0,124037,0,0,0,0
Image_1409,251609,0,0,0,0,0,55591,0
Image_1410,125797,0,0,0,0,181403,0,0
Image_1411,0,0,0,0,0,289737,17463,0
Image_1412,150298,7643,0,98997,0,49524,738,0
Image_1413,72923,0,0,0,0,124333,109944,0
Image_1414,0,0,0,0,0,296519,10681,0
Image_1415,328,0,14430,0,0,232283,60159,0
Image_1416,156510,0,0,0,0,80313,70377,0
Image_1417,42647,0,0,0,0,168865,95688,0
Image_1418,77636,27375,0,0,1983,0,0,411406
Image_1419,39948,0,0,0,0,238187,29065,0
Image_1420,0,0,0,0,0,232541,40028,245831
Image_1421,193918,0,0,0,0,83904,29378,0
Image_1422,0,0,0,0,0,0,17846,289354
Image_1423,206729,0,0,0,0,24905,75566,0
Image_1424,283870,0,0,0,0,23330,0,0
Image_1425,55476,18786,0,0,3594,93024,0,44160
Image_1426,97179,99081,0,0,102508,0,0,181232
Image_1427,255928,0,0,0,0,1668,22314,27290
Image_1428,190614,0,0,0,0,0,116586,0
Image_1429,111112,0,0,100526,0,0,0,95562
Image_1430,39405,0,0,222327,0,0,0,45468
Image_1431,228123,0,0,0,0,2277,0,0
Image_1432,175465,0,22179,0,0,74650,34906,0
Image_1433,116519,2331,0,188350,0,0,0,0
Image_1434,65565,0,0,90295,0,151340,0,0
Image_1435,0,0,0,0,0,36626,53907,216667
Image_1436,0,0,9106,0,0,152175,1728,144191
Image_1437,80295,0,0,0,0,207780,19125,0
Image_1438,83046,0,0,195404,0,0,0,28750
Image_1439,144366,33337,0,0,0,129497,0,0
Image_1440,120476,0,0,41136,0,145588,0,0
Image_1441,45300,0,0,0,0,148357,0,113543
Image_1442,717030,0,0,0,112410,0,0,0
Image_1443,124693,0,53898,0,0,86905,2718,38986
Image_1444,88849,0,0,134823,0,42568,0,40960
Image_1445,48634,0,0,0,0,175501,61897,21168
Image_1446,31301,0,0,0,0,380298,106801,0
Image_1447,141341,0,0,0,1989,0,26543,137327
Image_1448,55282,1998,0,0,0,247479,2441,0
Image_1449,285095,172557,0,0,123248,1477580,0,0
Image_1450,116419,0,0,0,0,190781,0,0
Image_1451,107866,0,51038,0,0,145378,2918,0
Image_1452,0,0,0,0,0,50566,124802,131832
Image_1453,108972,0,20170,0,0,177472,586,0
Image_1454,292397,0,0,0,0,0,14803,0
Image_1455,114149,20500,0,172551,0,0,0,0
Image_1456,201917,9284,3146,236083,0,0,0,67970
Image_1457,637416,0,0,284184,0,0,0,0
Image_1458,57178,0,0,0,0,250022,0,0
Image_1459,156792,0,37455,0,0,0,3060,109893
Image_1460,35289,0,0,0,0,257212,14699,0
Image_1461,116778,0,0,108738,0,0,0,81684
Image_1462,136314,0,0,0,0,87717,83169,0
Image_1463,0,0,11324,0,0,178142,72270,256664
Image_1464,3240,22649,0,0,1944,0,0,490567
Image_1465,213944,0,0,0,0,186825,55031,62600
Image_1466,193927,26718,0,0,0,81468,5087,0
Image_1467,0,0,0,0,0,234135,73065,0
Image_1468,2575,0,0,0,0,197751,43793,63081
Image_1469,118426,0,0,52781,0,0,0,135993
Image_1470,86702,0,0,0,0,217754,2744,0
Image_1471,7,0,0,0,0,299114,8079,0
Image_1472,144120,0,0,0,0,51339,111741,0
Image_1473,32116,0,0,0,0,224077,51007,0
Image_1474,50857,0,0,0,0,241956,14387,0
Image_1475,144172,0,43227,0,0,43968,1442,74391
Image_1476,0,0,0,0,0,224316,82884,0
Image_1477,169310,0,0,0,0,117374,20516,0
Image_1478,96448,40678,0,0,1076,0,0,380198
Image_1479,168592,0,0,0,0,66103,37974,34531
Image_1480,98304,0,0,0,0,207251,1645,0
Image_1481,254936,0,0,0,0,0,52264,0
Image_1482,121124,0,0,132576,0,0,0,0
Image_1483,0,0,0,0,0,0,14860,292340
Image_1484,62109,0,1679,0,0,239842,3570,0
Image_1485,0,0,52850,0,0,184767,0,280783
Image_1486,294689,0,0,0,0,0,12511,0
Image_1487,0,0,0,0,0,99576,16104,191520
Image_1488,203666,0,0,0,0,281625,33109,0
Image_1489,132788,0,0,0,0,165530,8882,0
Image_1490,156117,0,0,0,0,145793,5290,0
Image_1491,161822,0,1277,144101,0,0,0,0
Image_1492,43533,0,0,0,0,260023,3644,0
Image_1493,84296,0,0,0,0,201326,21578,0
Image_1494,494745,0,0,0,23655,0,0,0
Image_1495,0,0,0,0,0,268828,38372,0
Image_1496,420139,59861,0,0,0,0,0,0
Image_1497,93562,10761,0,135807,0,0,0,67070
Image_1498,64225,0,8130,0,0,164525,2278,68042
Image_1499,254439,0,0,0,0,0,52761,0
Image_1500,59925,0,0,0,0,135848,111427,0
Image_1501,90267,36408,0,180525,0,0,0,0
Image_1502,149234,25590,0,0,0,132376,0,0
Image_1503,54273,0,0,186576,0,0,0,66351
Image_1504,192564,0,0,0,0,311214,14622,0
Image_1505,0,0,0,0,0,264879,42321,0
Image_1506,12153,2704,0,0,0,66310,20068,205965
Image_1507,47177,0,0,0,0,238534,21489,0
Image_1508,138528,0,0,165913,0,0,2759,0
Image_1509,60308,0,0,203224,0,0,0,43668
Image_1510,196270,0,0,0,0,0,19094,91836
Image_1511,0,0,0,0,0,0,104430,202770
Image_1512,78154,2923,3930,149978,0,34056,0,38159
Image_1513,0,0,0,0,0,90544,0,216656
Image_1514,247323,0,0,0,0,0,59877,0
Image_1515,906,0,0,0,0,288567,17727,0
Image_1516,0,0,0,0,0,292407,145570,80423
Image_1517,173024,0,16187,0,0,0,103156,14833
Image_1518,73863,0,0,0,0,0,35964,197373
Image_1519,71701,0,41163,0,0,186707,0,7629
Image_1520,0,0,0,0,0,265645,41555,0
Image_1521,0,0,0,0,0,0,97297,209903
Image_1522,10366,0,32061,0,0,159307,0,105466
Image_1523,154663,0,0,152537,0,0,0,0
Image_1524,137287,0,0,0,0,149927,19986,0
